<PAMDataset>
  <Metadata>
    <MDI key="DataType">Thematic</MDI>
  </Metadata>
  <Metadata domain="Esri">
    <MDI key="PyramidResamplingType">NEAREST</MDI>
  </Metadata>
  <PAMRasterBand band="1">
    <Description>Layer_1</Description>
    <GDALRasterAttributeTable>
      <FieldDefn index="0">
        <Name>OID</Name>
        <Type>0</Type>
        <Usage>0</Usage>
      </FieldDefn>
      <FieldDefn index="1">
        <Name>Value</Name>
        <Type>0</Type>
        <Usage>0</Usage>
      </FieldDefn>
      <FieldDefn index="2">
        <Name>Count</Name>
        <Type>1</Type>
        <Usage>0</Usage>
      </FieldDefn>
      <Row index="0">
        <F>0</F>
        <F>0</F>
        <F>8412007919</F>
      </Row>
      <Row index="1">
        <F>1</F>
        <F>1</F>
        <F>77121015</F>
      </Row>
      <Row index="2">
        <F>2</F>
        <F>2</F>
        <F>40529843</F>
      </Row>
      <Row index="3">
        <F>3</F>
        <F>3</F>
        <F>30371795</F>
      </Row>
      <Row index="4">
        <F>4</F>
        <F>4</F>
        <F>24569282</F>
      </Row>
      <Row index="5">
        <F>5</F>
        <F>5</F>
        <F>20772082</F>
      </Row>
      <Row index="6">
        <F>6</F>
        <F>6</F>
        <F>18100863</F>
      </Row>
      <Row index="7">
        <F>7</F>
        <F>7</F>
        <F>16136303</F>
      </Row>
      <Row index="8">
        <F>8</F>
        <F>8</F>
        <F>14671636</F>
      </Row>
      <Row index="9">
        <F>9</F>
        <F>9</F>
        <F>13331865</F>
      </Row>
      <Row index="10">
        <F>10</F>
        <F>10</F>
        <F>12221026</F>
      </Row>
      <Row index="11">
        <F>11</F>
        <F>11</F>
        <F>11349986</F>
      </Row>
      <Row index="12">
        <F>12</F>
        <F>12</F>
        <F>10519298</F>
      </Row>
      <Row index="13">
        <F>13</F>
        <F>13</F>
        <F>9843370</F>
      </Row>
      <Row index="14">
        <F>14</F>
        <F>14</F>
        <F>9242304</F>
      </Row>
      <Row index="15">
        <F>15</F>
        <F>15</F>
        <F>8741399</F>
      </Row>
      <Row index="16">
        <F>16</F>
        <F>16</F>
        <F>8373611</F>
      </Row>
      <Row index="17">
        <F>17</F>
        <F>17</F>
        <F>7940573</F>
      </Row>
      <Row index="18">
        <F>18</F>
        <F>18</F>
        <F>7565033</F>
      </Row>
      <Row index="19">
        <F>19</F>
        <F>19</F>
        <F>7225388</F>
      </Row>
      <Row index="20">
        <F>20</F>
        <F>20</F>
        <F>6930348</F>
      </Row>
      <Row index="21">
        <F>21</F>
        <F>21</F>
        <F>6736338</F>
      </Row>
      <Row index="22">
        <F>22</F>
        <F>22</F>
        <F>6461995</F>
      </Row>
      <Row index="23">
        <F>23</F>
        <F>23</F>
        <F>6250206</F>
      </Row>
      <Row index="24">
        <F>24</F>
        <F>24</F>
        <F>6024218</F>
      </Row>
      <Row index="25">
        <F>25</F>
        <F>25</F>
        <F>5806334</F>
      </Row>
      <Row index="26">
        <F>26</F>
        <F>26</F>
        <F>5603562</F>
      </Row>
      <Row index="27">
        <F>27</F>
        <F>27</F>
        <F>5401222</F>
      </Row>
      <Row index="28">
        <F>28</F>
        <F>28</F>
        <F>5216417</F>
      </Row>
      <Row index="29">
        <F>29</F>
        <F>29</F>
        <F>5043950</F>
      </Row>
      <Row index="30">
        <F>30</F>
        <F>30</F>
        <F>4916015</F>
      </Row>
      <Row index="31">
        <F>31</F>
        <F>31</F>
        <F>4765683</F>
      </Row>
      <Row index="32">
        <F>32</F>
        <F>32</F>
        <F>4625720</F>
      </Row>
      <Row index="33">
        <F>33</F>
        <F>33</F>
        <F>4481926</F>
      </Row>
      <Row index="34">
        <F>34</F>
        <F>34</F>
        <F>4336681</F>
      </Row>
      <Row index="35">
        <F>35</F>
        <F>35</F>
        <F>4197803</F>
      </Row>
      <Row index="36">
        <F>36</F>
        <F>36</F>
        <F>4074204</F>
      </Row>
      <Row index="37">
        <F>37</F>
        <F>37</F>
        <F>3961632</F>
      </Row>
      <Row index="38">
        <F>38</F>
        <F>38</F>
        <F>4045958</F>
      </Row>
      <Row index="39">
        <F>39</F>
        <F>39</F>
        <F>3749898</F>
      </Row>
      <Row index="40">
        <F>40</F>
        <F>40</F>
        <F>3653045</F>
      </Row>
      <Row index="41">
        <F>41</F>
        <F>41</F>
        <F>3603202</F>
      </Row>
      <Row index="42">
        <F>42</F>
        <F>42</F>
        <F>3538225</F>
      </Row>
      <Row index="43">
        <F>43</F>
        <F>43</F>
        <F>3454745</F>
      </Row>
      <Row index="44">
        <F>44</F>
        <F>44</F>
        <F>3369743</F>
      </Row>
      <Row index="45">
        <F>45</F>
        <F>45</F>
        <F>3288223</F>
      </Row>
      <Row index="46">
        <F>46</F>
        <F>46</F>
        <F>3216281</F>
      </Row>
      <Row index="47">
        <F>47</F>
        <F>47</F>
        <F>3158488</F>
      </Row>
      <Row index="48">
        <F>48</F>
        <F>48</F>
        <F>3072756</F>
      </Row>
      <Row index="49">
        <F>49</F>
        <F>49</F>
        <F>2995697</F>
      </Row>
      <Row index="50">
        <F>50</F>
        <F>50</F>
        <F>2925028</F>
      </Row>
      <Row index="51">
        <F>51</F>
        <F>51</F>
        <F>2858709</F>
      </Row>
      <Row index="52">
        <F>52</F>
        <F>52</F>
        <F>2776680</F>
      </Row>
      <Row index="53">
        <F>53</F>
        <F>53</F>
        <F>2705423</F>
      </Row>
      <Row index="54">
        <F>54</F>
        <F>54</F>
        <F>2631990</F>
      </Row>
      <Row index="55">
        <F>55</F>
        <F>55</F>
        <F>2560046</F>
      </Row>
      <Row index="56">
        <F>56</F>
        <F>56</F>
        <F>2487170</F>
      </Row>
      <Row index="57">
        <F>57</F>
        <F>57</F>
        <F>2419914</F>
      </Row>
      <Row index="58">
        <F>58</F>
        <F>58</F>
        <F>2351437</F>
      </Row>
      <Row index="59">
        <F>59</F>
        <F>59</F>
        <F>2286398</F>
      </Row>
      <Row index="60">
        <F>60</F>
        <F>60</F>
        <F>2216928</F>
      </Row>
      <Row index="61">
        <F>61</F>
        <F>61</F>
        <F>2162988</F>
      </Row>
      <Row index="62">
        <F>62</F>
        <F>62</F>
        <F>2092397</F>
      </Row>
      <Row index="63">
        <F>63</F>
        <F>63</F>
        <F>2031094</F>
      </Row>
      <Row index="64">
        <F>64</F>
        <F>64</F>
        <F>1964572</F>
      </Row>
      <Row index="65">
        <F>65</F>
        <F>65</F>
        <F>1910238</F>
      </Row>
      <Row index="66">
        <F>66</F>
        <F>66</F>
        <F>1845942</F>
      </Row>
      <Row index="67">
        <F>67</F>
        <F>67</F>
        <F>1791837</F>
      </Row>
      <Row index="68">
        <F>68</F>
        <F>68</F>
        <F>1732677</F>
      </Row>
      <Row index="69">
        <F>69</F>
        <F>69</F>
        <F>1678749</F>
      </Row>
      <Row index="70">
        <F>70</F>
        <F>70</F>
        <F>1626167</F>
      </Row>
      <Row index="71">
        <F>71</F>
        <F>71</F>
        <F>1586347</F>
      </Row>
      <Row index="72">
        <F>72</F>
        <F>72</F>
        <F>1538875</F>
      </Row>
      <Row index="73">
        <F>73</F>
        <F>73</F>
        <F>1492452</F>
      </Row>
      <Row index="74">
        <F>74</F>
        <F>74</F>
        <F>1449024</F>
      </Row>
      <Row index="75">
        <F>75</F>
        <F>75</F>
        <F>1405259</F>
      </Row>
      <Row index="76">
        <F>76</F>
        <F>76</F>
        <F>1366598</F>
      </Row>
      <Row index="77">
        <F>77</F>
        <F>77</F>
        <F>1334292</F>
      </Row>
      <Row index="78">
        <F>78</F>
        <F>78</F>
        <F>1299442</F>
      </Row>
      <Row index="79">
        <F>79</F>
        <F>79</F>
        <F>1266721</F>
      </Row>
      <Row index="80">
        <F>80</F>
        <F>80</F>
        <F>1238789</F>
      </Row>
      <Row index="81">
        <F>81</F>
        <F>81</F>
        <F>1208235</F>
      </Row>
      <Row index="82">
        <F>82</F>
        <F>82</F>
        <F>1183182</F>
      </Row>
      <Row index="83">
        <F>83</F>
        <F>83</F>
        <F>1159832</F>
      </Row>
      <Row index="84">
        <F>84</F>
        <F>84</F>
        <F>1138321</F>
      </Row>
      <Row index="85">
        <F>85</F>
        <F>85</F>
        <F>1116028</F>
      </Row>
      <Row index="86">
        <F>86</F>
        <F>86</F>
        <F>1094419</F>
      </Row>
      <Row index="87">
        <F>87</F>
        <F>87</F>
        <F>1071786</F>
      </Row>
      <Row index="88">
        <F>88</F>
        <F>88</F>
        <F>1050995</F>
      </Row>
      <Row index="89">
        <F>89</F>
        <F>89</F>
        <F>1032868</F>
      </Row>
      <Row index="90">
        <F>90</F>
        <F>90</F>
        <F>1014890</F>
      </Row>
      <Row index="91">
        <F>91</F>
        <F>91</F>
        <F>992023</F>
      </Row>
      <Row index="92">
        <F>92</F>
        <F>92</F>
        <F>976601</F>
      </Row>
      <Row index="93">
        <F>93</F>
        <F>93</F>
        <F>956568</F>
      </Row>
      <Row index="94">
        <F>94</F>
        <F>94</F>
        <F>927574</F>
      </Row>
      <Row index="95">
        <F>95</F>
        <F>95</F>
        <F>899804</F>
      </Row>
      <Row index="96">
        <F>96</F>
        <F>96</F>
        <F>878540</F>
      </Row>
      <Row index="97">
        <F>97</F>
        <F>97</F>
        <F>848205</F>
      </Row>
      <Row index="98">
        <F>98</F>
        <F>98</F>
        <F>769393</F>
      </Row>
      <Row index="99">
        <F>99</F>
        <F>99</F>
        <F>637127</F>
      </Row>
      <Row index="100">
        <F>100</F>
        <F>100</F>
        <F>1258368</F>
      </Row>
      <Row index="101">
        <F>101</F>
        <F>127</F>
        <F>7854240512</F>
      </Row>
    </GDALRasterAttributeTable>
    <Metadata>
      <MDI key="RepresentationType">THEMATIC</MDI>
      <MDI key="LAYER_TYPE">athematic</MDI>
      <MDI key="STATISTICS_MINIMUM">0</MDI>
      <MDI key="STATISTICS_MAXIMUM">127</MDI>
      <MDI key="STATISTICS_MEAN">9.0929789801344</MDI>
      <MDI key="STATISTICS_STDDEV">29.73355209193</MDI>
      <MDI key="STATISTICS_SKIPFACTORX">1</MDI>
      <MDI key="STATISTICS_SKIPFACTORY">1</MDI>
      <MDI key="STATISTICS_EXCLUDEDVALUES"></MDI>
    </Metadata>
  </PAMRasterBand>
</PAMDataset>
